[
  {
    "id": "e8fa17c6-d054-468c-b545-029fe73bc3de",
    "data": [
      {
        "text": "I have a ",
        "userDefined": false
      },
      {
        "text": "problem",
        "alias": "category",
        "meta": "@category",
        "userDefined": false
      },
      {
        "text": " with my laptop",
        "userDefined": false
      }
    ],
    "isTemplate": false,
    "count": 0,
    "updated": 0
  },
  {
    "id": "326c42bc-65dd-4bd9-a271-a4be76b52ca2",
    "data": [
      {
        "text": "My printer ",
        "userDefined": false
      },
      {
        "text": "isn\u0027t working",
        "alias": "category",
        "meta": "@category",
        "userDefined": true
      }
    ],
    "isTemplate": false,
    "count": 0,
    "updated": 0
  },
  {
    "id": "e0de29e4-f0c9-40ce-87f7-94fd667addff",
    "data": [
      {
        "text": "My printer is ",
        "userDefined": false
      },
      {
        "text": "slow",
        "alias": "category",
        "meta": "@category",
        "userDefined": false
      }
    ],
    "isTemplate": false,
    "count": 0,
    "updated": 0
  },
  {
    "id": "e3d03602-5639-4130-8bb2-12b74deaa8bb",
    "data": [
      {
        "text": "I need a ",
        "userDefined": false
      },
      {
        "text": "software",
        "alias": "category",
        "meta": "@category",
        "userDefined": false
      },
      {
        "text": " license",
        "userDefined": false
      }
    ],
    "isTemplate": false,
    "count": 0,
    "updated": 0
  },
  {
    "id": "79c8908e-0003-4e55-9b31-0d16f54b1e66",
    "data": [
      {
        "text": "I have a ",
        "userDefined": false
      },
      {
        "text": "slow computer",
        "alias": "category",
        "meta": "@category",
        "userDefined": false
      }
    ],
    "isTemplate": false,
    "count": 0,
    "updated": 0
  },
  {
    "id": "526cbd6a-c1c8-4e20-b4c8-bad6575d1d38",
    "data": [
      {
        "text": "This is an ",
        "userDefined": false
      },
      {
        "text": "Authentication",
        "alias": "category",
        "meta": "@category",
        "userDefined": true
      },
      {
        "text": " request",
        "userDefined": false
      }
    ],
    "isTemplate": false,
    "count": 0,
    "updated": 0
  },
  {
    "id": "9dbaac0d-d92b-43b1-bf21-b3a60c1c4351",
    "data": [
      {
        "text": "It falls under ",
        "userDefined": false
      },
      {
        "text": "Billing",
        "alias": "category",
        "meta": "@category",
        "userDefined": true
      }
    ],
    "isTemplate": false,
    "count": 0,
    "updated": 0
  }
]