[
  {
    "id": "43fd8fff-4315-4677-ac4a-2af44a20de49",
    "data": [
      {
        "text": "There is a virus on my computer",
        "userDefined": false
      }
    ],
    "isTemplate": false,
    "count": 0,
    "updated": 0
  },
  {
    "id": "ad45a299-5296-4deb-87e4-90bae4e17cbe",
    "data": [
      {
        "text": "I have an access problem",
        "userDefined": false
      }
    ],
    "isTemplate": false,
    "count": 0,
    "updated": 0
  },
  {
    "id": "dd7fef5d-59b0-4c2a-b7b4-74482f85e801",
    "data": [
      {
        "text": "There is a problem with my computer",
        "userDefined": false
      }
    ],
    "isTemplate": false,
    "count": 0,
    "updated": 0
  },
  {
    "id": "b4654175-2c0a-4e2e-9cfe-320f6fc51729",
    "data": [
      {
        "text": "I have a problem",
        "userDefined": false
      }
    ],
    "isTemplate": false,
    "count": 0,
    "updated": 0
  },
  {
    "id": "5de8fb4c-38b5-49de-aae7-36eb9cb99f48",
    "data": [
      {
        "text": "I want to submit a ticket",
        "userDefined": false
      }
    ],
    "isTemplate": false,
    "count": 0,
    "updated": 0
  },
  {
    "id": "703feced-6094-43d1-80e0-b70d379f067b",
    "data": [
      {
        "text": "issue",
        "userDefined": false
      }
    ],
    "isTemplate": false,
    "count": 0,
    "updated": 0
  },
  {
    "id": "cd159351-6477-4955-9859-be97a1973493",
    "data": [
      {
        "text": "problem",
        "userDefined": false
      }
    ],
    "isTemplate": false,
    "count": 0,
    "updated": 0
  },
  {
    "id": "3ebb683e-fb11-4016-9701-f01b450e979f",
    "data": [
      {
        "text": "submit ticket",
        "userDefined": false
      }
    ],
    "isTemplate": false,
    "count": 0,
    "updated": 0
  },
  {
    "id": "a3813e24-3960-4062-b8d0-3a58fc5f8b93",
    "data": [
      {
        "text": "ticket",
        "userDefined": false
      }
    ],
    "isTemplate": false,
    "count": 0,
    "updated": 0
  }
]