[
  {
    "id": "de30bd99-7969-44e0-8909-7dd49b220213",
    "data": [
      {
        "text": "performance",
        "alias": "category",
        "meta": "@category",
        "userDefined": false
      },
      {
        "text": " issue",
        "userDefined": false
      }
    ],
    "isTemplate": false,
    "count": 0,
    "updated": 0
  },
  {
    "id": "b9a442a5-9f63-477a-8d0b-c579a96f6568",
    "data": [
      {
        "text": "I have a ",
        "userDefined": false
      },
      {
        "text": "problem",
        "alias": "category",
        "meta": "@category",
        "userDefined": false
      },
      {
        "text": " with my laptop",
        "userDefined": false
      }
    ],
    "isTemplate": false,
    "count": 0,
    "updated": 0
  },
  {
    "id": "5d0cd043-2abe-44a1-93ff-d03c36c1787f",
    "data": [
      {
        "text": "My printer ",
        "userDefined": false
      },
      {
        "text": "isn\u0027t working",
        "alias": "category",
        "meta": "@category",
        "userDefined": true
      }
    ],
    "isTemplate": false,
    "count": 0,
    "updated": 0
  },
  {
    "id": "e35f42e2-5cfc-48eb-91d3-9170c84ceae6",
    "data": [
      {
        "text": "My printer is ",
        "userDefined": false
      },
      {
        "text": "slow",
        "alias": "category",
        "meta": "@category",
        "userDefined": false
      }
    ],
    "isTemplate": false,
    "count": 0,
    "updated": 0
  },
  {
    "id": "e64026ae-d055-4657-be37-37f4b871a8ef",
    "data": [
      {
        "text": "I need a ",
        "userDefined": false
      },
      {
        "text": "software",
        "alias": "category",
        "meta": "@category",
        "userDefined": false
      },
      {
        "text": " license",
        "userDefined": false
      }
    ],
    "isTemplate": false,
    "count": 0,
    "updated": 0
  },
  {
    "id": "b924e086-864b-43b7-a882-8afc7190c87a",
    "data": [
      {
        "text": "I have a ",
        "userDefined": false
      },
      {
        "text": "slow computer",
        "alias": "category",
        "meta": "@category",
        "userDefined": false
      }
    ],
    "isTemplate": false,
    "count": 0,
    "updated": 0
  },
  {
    "id": "5a9216d6-36c3-44e5-9d9c-ebf5e4589ef6",
    "data": [
      {
        "text": "This is an ",
        "userDefined": false
      },
      {
        "text": "Authentication",
        "alias": "category",
        "meta": "@category",
        "userDefined": true
      },
      {
        "text": " request",
        "userDefined": false
      }
    ],
    "isTemplate": false,
    "count": 0,
    "updated": 0
  },
  {
    "id": "30049211-53f8-4bcb-8dc5-2044e2eadeb7",
    "data": [
      {
        "text": "It falls under ",
        "userDefined": false
      },
      {
        "text": "Billing",
        "alias": "category",
        "meta": "@category",
        "userDefined": true
      }
    ],
    "isTemplate": false,
    "count": 0,
    "updated": 0
  }
]