[
  {
    "id": "ef1b5aa6-f9a5-4a19-8b5f-5794c9d86492",
    "data": [
      {
        "text": "here\u0027s my email: ",
        "userDefined": false
      },
      {
        "text": "john@johnsmith.com",
        "alias": "email",
        "meta": "@sys.email",
        "userDefined": true
      }
    ],
    "isTemplate": false,
    "count": 0,
    "updated": 0
  },
  {
    "id": "1ce148ee-eee1-41da-844b-9461903db540",
    "data": [
      {
        "text": "it\u0027s ",
        "userDefined": false
      },
      {
        "text": "yiwo@company.it",
        "alias": "email",
        "meta": "@sys.email",
        "userDefined": true
      }
    ],
    "isTemplate": false,
    "count": 0,
    "updated": 0
  },
  {
    "id": "664ce374-cad0-41ea-acd0-828a36c716f2",
    "data": [
      {
        "text": "angasesegh@help.org",
        "alias": "email",
        "meta": "@sys.email",
        "userDefined": true
      }
    ],
    "isTemplate": false,
    "count": 0,
    "updated": 0
  },
  {
    "id": "a357b359-8e27-4f02-b11e-20d074f936d8",
    "data": [
      {
        "text": "were@us.gov",
        "alias": "email",
        "meta": "@sys.email",
        "userDefined": true
      }
    ],
    "isTemplate": false,
    "count": 0,
    "updated": 0
  },
  {
    "id": "1366c6cf-e58a-4697-a06b-38d00b584c8a",
    "data": [
      {
        "text": "oowl@go.com",
        "alias": "email",
        "meta": "@sys.email",
        "userDefined": true
      },
      {
        "text": " is my email",
        "userDefined": false
      }
    ],
    "isTemplate": false,
    "count": 0,
    "updated": 0
  },
  {
    "id": "1619b238-6f7c-4e42-a88b-aa7ed702d245",
    "data": [
      {
        "text": "it is ",
        "userDefined": false
      },
      {
        "text": "kanghes@live.com",
        "alias": "email",
        "meta": "@sys.email",
        "userDefined": true
      }
    ],
    "isTemplate": false,
    "count": 0,
    "updated": 0
  },
  {
    "id": "6e631a32-6cb4-434e-92d1-76953772e5f6",
    "data": [
      {
        "text": "email is ",
        "userDefined": false
      },
      {
        "text": "creat2@yahoo.com",
        "alias": "email",
        "meta": "@sys.email",
        "userDefined": true
      }
    ],
    "isTemplate": false,
    "count": 0,
    "updated": 0
  },
  {
    "id": "98b5685f-517d-4dc3-8bca-70b5ccbb561b",
    "data": [
      {
        "text": "xyzz.ss@google.com",
        "alias": "email",
        "meta": "@sys.email",
        "userDefined": true
      }
    ],
    "isTemplate": false,
    "count": 0,
    "updated": 0
  },
  {
    "id": "a49c73d2-3573-4af1-8eb0-e00e08641e8c",
    "data": [
      {
        "text": "My email is ",
        "userDefined": false
      },
      {
        "text": "abc@gmail.com",
        "alias": "email",
        "meta": "@sys.email",
        "userDefined": true
      }
    ],
    "isTemplate": false,
    "count": 0,
    "updated": 0
  }
]