[
  {
    "id": "9b58973e-4344-494f-8af2-757fb887dff4",
    "data": [
      {
        "text": "I need an ",
        "userDefined": false
      },
      {
        "text": "advice",
        "alias": "category",
        "meta": "@category",
        "userDefined": false
      },
      {
        "text": " to buy a new laptop",
        "userDefined": false
      }
    ],
    "isTemplate": false,
    "count": 0,
    "updated": 0
  },
  {
    "id": "4917da60-e6c7-4fdd-b12a-575ae508b43c",
    "data": [
      {
        "text": "I ",
        "userDefined": false
      },
      {
        "text": "have",
        "meta": "@sys.ignore",
        "userDefined": false
      },
      {
        "text": " ",
        "userDefined": false
      },
      {
        "text": "login",
        "alias": "category",
        "meta": "@category",
        "userDefined": false
      },
      {
        "text": " issues",
        "userDefined": false
      }
    ],
    "isTemplate": false,
    "count": 0,
    "updated": 0
  },
  {
    "id": "16fc7f11-7754-4018-b1aa-d693e61e9c1b",
    "data": [
      {
        "text": "There is a virus on my computer",
        "userDefined": false
      }
    ],
    "isTemplate": false,
    "count": 0,
    "updated": 0
  },
  {
    "id": "b6dc1842-2cb9-4f91-8dff-9dd2632b6976",
    "data": [
      {
        "text": "I have an access problem",
        "userDefined": false
      }
    ],
    "isTemplate": false,
    "count": 0,
    "updated": 0
  },
  {
    "id": "c016b9b3-d125-4708-81be-00937ca27849",
    "data": [
      {
        "text": "There is a problem with my computer",
        "userDefined": false
      }
    ],
    "isTemplate": false,
    "count": 0,
    "updated": 0
  },
  {
    "id": "778dcacf-bc38-411e-a1c1-b2c75e3e8644",
    "data": [
      {
        "text": "I have a problem",
        "userDefined": false
      }
    ],
    "isTemplate": false,
    "count": 0,
    "updated": 0
  },
  {
    "id": "85c8c691-42f9-4a14-930d-6e59dd48c26f",
    "data": [
      {
        "text": "I want to submit a ticket",
        "userDefined": false
      }
    ],
    "isTemplate": false,
    "count": 0,
    "updated": 0
  },
  {
    "id": "c8a7533c-bd20-401e-8071-6156837b4bff",
    "data": [
      {
        "text": "issue",
        "userDefined": false
      }
    ],
    "isTemplate": false,
    "count": 0,
    "updated": 0
  },
  {
    "id": "bfbeb35a-5f99-49e8-b758-3154aaea312f",
    "data": [
      {
        "text": "problem",
        "userDefined": false
      }
    ],
    "isTemplate": false,
    "count": 0,
    "updated": 0
  },
  {
    "id": "3dd3727e-5249-47aa-944c-6ef69cebf8eb",
    "data": [
      {
        "text": "submit ticket",
        "userDefined": false
      }
    ],
    "isTemplate": false,
    "count": 0,
    "updated": 0
  },
  {
    "id": "d68f1a7c-c49a-48b0-963b-b881d61eb707",
    "data": [
      {
        "text": "ticket",
        "userDefined": false
      }
    ],
    "isTemplate": false,
    "count": 0,
    "updated": 0
  }
]