[
  {
    "id": "9162f75d-56c4-4c48-8ba2-e2971ef52e2e",
    "data": [
      {
        "text": "here\u0027s my email: ",
        "userDefined": false
      },
      {
        "text": "john@johnsmith.com",
        "alias": "email",
        "meta": "@sys.email",
        "userDefined": true
      }
    ],
    "isTemplate": false,
    "count": 0,
    "updated": 0
  },
  {
    "id": "ecf31f0b-2fa3-40c1-9158-7d68b240670d",
    "data": [
      {
        "text": "it\u0027s ",
        "userDefined": false
      },
      {
        "text": "yiwo@company.it",
        "alias": "email",
        "meta": "@sys.email",
        "userDefined": true
      }
    ],
    "isTemplate": false,
    "count": 0,
    "updated": 0
  },
  {
    "id": "3211e5e3-f848-4ff6-a36d-498f9f185046",
    "data": [
      {
        "text": "angasesegh@help.org",
        "alias": "email",
        "meta": "@sys.email",
        "userDefined": true
      }
    ],
    "isTemplate": false,
    "count": 0,
    "updated": 0
  },
  {
    "id": "66836e79-8ff1-4ecc-bac0-0ce0073fd9d1",
    "data": [
      {
        "text": "were@us.gov",
        "alias": "email",
        "meta": "@sys.email",
        "userDefined": true
      }
    ],
    "isTemplate": false,
    "count": 0,
    "updated": 0
  },
  {
    "id": "706ef754-cc4f-4844-b5b9-8b854211f668",
    "data": [
      {
        "text": "oowl@go.com",
        "alias": "email",
        "meta": "@sys.email",
        "userDefined": true
      },
      {
        "text": " is my email",
        "userDefined": false
      }
    ],
    "isTemplate": false,
    "count": 0,
    "updated": 0
  },
  {
    "id": "2922de01-d512-405c-9b3b-b200e460857a",
    "data": [
      {
        "text": "it is ",
        "userDefined": false
      },
      {
        "text": "kanghes@live.com",
        "alias": "email",
        "meta": "@sys.email",
        "userDefined": true
      }
    ],
    "isTemplate": false,
    "count": 0,
    "updated": 0
  },
  {
    "id": "5687b037-60f6-4ba2-9008-74859b8ebe03",
    "data": [
      {
        "text": "email is ",
        "userDefined": false
      },
      {
        "text": "creat2@yahoo.com",
        "alias": "email",
        "meta": "@sys.email",
        "userDefined": true
      }
    ],
    "isTemplate": false,
    "count": 0,
    "updated": 0
  },
  {
    "id": "bb4885e0-f732-472f-b380-07a7083c38eb",
    "data": [
      {
        "text": "xyzz.ss@google.com",
        "alias": "email",
        "meta": "@sys.email",
        "userDefined": true
      }
    ],
    "isTemplate": false,
    "count": 0,
    "updated": 0
  },
  {
    "id": "8f0b6a2a-76a0-4b6f-a307-cbbaa7a9a089",
    "data": [
      {
        "text": "My email is ",
        "userDefined": false
      },
      {
        "text": "abc@gmail.com",
        "alias": "email",
        "meta": "@sys.email",
        "userDefined": true
      }
    ],
    "isTemplate": false,
    "count": 0,
    "updated": 0
  }
]